<?xml version="1.0" encoding="UTF-8"?>
<project version="4">
  <component name="AndroidLayouts">
    <shared>
      <config />
    </shared>
  </component>
  <component name="AutoImportSettings">
    <option name="autoReloadType" value="NONE" />
  </component>
  <component name="ChangeListManager">
    <list default="true" id="b54b02df-e09b-430e-b4e8-ba42b2e2bbe1" name="Changes" comment="" />
    <option name="SHOW_DIALOG" value="false" />
    <option name="HIGHLIGHT_CONFLICTS" value="true" />
    <option name="HIGHLIGHT_NON_ACTIVE_CHANGELIST" value="false" />
    <option name="LAST_RESOLUTION" value="IGNORE" />
  </component>
  <component name="ExecutionTargetManager" SELECTED_TARGET="device_and_snapshot_combo_box_target[C:\Users\kevin\.android\avd\Nexus_5_API_31.avd]" />
  <component name="ExternalProjectsData">
    <projectState path="$PROJECT_DIR$">
      <ProjectState />
    </projectState>
  </component>
  <component name="ExternalProjectsManager">
    <system id="GRADLE">
      <state>
        <task path="$PROJECT_DIR$">
          <activation />
        </task>
        <task path="$PROJECT_DIR$/app">
          <activation />
        </task>
        <projects_view>
          <tree_state>
            <expand>
              <path>
                <item name="" type="6a2764b6:ExternalProjectsStructure$RootNode" />
                <item name="Book App" type="f1a62948:ProjectNode" />
              </path>
              <path>
                <item name="" type="6a2764b6:ExternalProjectsStructure$RootNode" />
                <item name="Book App" type="f1a62948:ProjectNode" />
                <item name="Tasks" type="e4a08cd1:TasksNode" />
              </path>
              <path>
                <item name="" type="6a2764b6:ExternalProjectsStructure$RootNode" />
                <item name="Book App" type="f1a62948:ProjectNode" />
                <item name="Tasks" type="e4a08cd1:TasksNode" />
                <item name="android" type="c8890929:TasksNode$1" />
              </path>
            </expand>
            <select />
          </tree_state>
        </projects_view>
      </state>
    </system>
  </component>
  <component name="MarkdownSettingsMigration">
    <option name="stateVersion" value="1" />
  </component>
  <component name="ProblemsViewState">
    <option name="selectedTabId" value="CurrentFile" />
  </component>
  <component name="ProjectId" id="2P0ys5NeQGCOELJLLmsjAKm4lRT" />
  <component name="ProjectViewState">
    <option name="hideEmptyMiddlePackages" value="true" />
    <option name="showLibraryContents" value="true" />
  </component>
  <component name="PropertiesComponent"><![CDATA[{
  "keyToString": {
    "RunOnceActivity.OpenProjectViewOnStart": "true",
    "RunOnceActivity.ShowReadmeOnStart": "true",
    "RunOnceActivity.cidr.known.project.marker": "true",
    "cidr.known.project.marker": "true",
    "last_directory_selection": "C:/Users/kevin/AndroidStudioProjects/BookApp Updated Libs/app/src/main/res/drawable",
    "last_opened_file_path": "C:/Users/kevin/AndroidStudioProjects/MajorBookApplication"
  }
}]]></component>
  <component name="RecentsManager">
    <key name="CopyFile.RECENT_KEYS">
      <recent name="C:\Users\kevin\AndroidStudioProjects\BookApp Updated Libs\app" />
      <recent name="C:\Users\kevin\AndroidStudioProjects\BookApp Updated Libs\app\src\androidTest" />
      <recent name="C:\Users\kevin\AndroidStudioProjects\BookApp Updated Libs\app\src\main\res\drawable" />
    </key>
    <key name="android.template.1239518825">
      <recent name="com.example.KomeMajorProj.activities" />
    </key>
    <key name="MoveFile.RECENT_KEYS">
      <recent name="C:\Users\kevin\AndroidStudioProjects\BookApp Updated Libs\app\src\main" />
    </key>
  </component>
  <component name="RunManager" selected="Android App.app">
    <configuration name="app" type="AndroidRunConfigurationType" factoryName="Android App">
      <module name="Book_App.app.main" />
      <option name="DEPLOY" value="true" />
      <option name="DEPLOY_APK_FROM_BUNDLE" value="false" />
      <option name="DEPLOY_AS_INSTANT" value="false" />
      <option name="ARTIFACT_NAME" value="" />
      <option name="PM_INSTALL_OPTIONS" value="" />
      <option name="ALL_USERS" value="false" />
      <option name="ALWAYS_INSTALL_WITH_PM" value="false" />
      <option name="CLEAR_APP_STORAGE" value="false" />
      <option name="DYNAMIC_FEATURES_DISABLED_LIST" value="" />
      <option name="ACTIVITY_EXTRA_FLAGS" value="" />
      <option name="MODE" value="default_activity" />
      <option name="CLEAR_LOGCAT" value="false" />
      <option name="SHOW_LOGCAT_AUTOMATICALLY" value="false" />
      <option name="INSPECTION_WITHOUT_ACTIVITY_RESTART" value="false" />
      <option name="TARGET_SELECTION_MODE" value="DEVICE_AND_SNAPSHOT_COMBO_BOX" />
      <option name="SELECTED_CLOUD_MATRIX_CONFIGURATION_ID" value="-1" />
      <option name="SELECTED_CLOUD_MATRIX_PROJECT_ID" value="" />
      <option name="DEBUGGER_TYPE" value="Auto" />
      <Auto>
        <option name="USE_JAVA_AWARE_DEBUGGER" value="false" />
        <option name="SHOW_STATIC_VARS" value="true" />
        <option name="WORKING_DIR" value="" />
        <option name="TARGET_LOGGING_CHANNELS" value="lldb process:gdb-remote packets" />
        <option name="SHOW_OPTIMIZED_WARNING" value="true" />
      </Auto>
      <Hybrid>
        <option name="USE_JAVA_AWARE_DEBUGGER" value="false" />
        <option name="SHOW_STATIC_VARS" value="true" />
        <option name="WORKING_DIR" value="" />
        <option name="TARGET_LOGGING_CHANNELS" value="lldb process:gdb-remote packets" />
        <option name="SHOW_OPTIMIZED_WARNING" value="true" />
      </Hybrid>
      <Java />
      <Native>
        <option name="USE_JAVA_AWARE_DEBUGGER" value="false" />
        <option name="SHOW_STATIC_VARS" value="true" />
        <option name="WORKING_DIR" value="" />
        <option name="TARGET_LOGGING_CHANNELS" value="lldb process:gdb-remote packets" />
        <option name="SHOW_OPTIMIZED_WARNING" value="true" />
      </Native>
      <Profilers>
        <option name="ADVANCED_PROFILING_ENABLED" value="false" />
        <option name="STARTUP_PROFILING_ENABLED" value="false" />
        <option name="STARTUP_CPU_PROFILING_ENABLED" value="false" />
        <option name="STARTUP_CPU_PROFILING_CONFIGURATION_NAME" value="Java/Kotlin Method Sample (legacy)" />
        <option name="STARTUP_NATIVE_MEMORY_PROFILING_ENABLED" value="false" />
        <option name="NATIVE_MEMORY_SAMPLE_RATE_BYTES" value="2048" />
      </Profilers>
      <option name="DEEP_LINK" value="" />
      <option name="ACTIVITY_CLASS" value="" />
      <option name="SEARCH_ACTIVITY_IN_GLOBAL_SCOPE" value="false" />
      <option name="SKIP_ACTIVITY_VALIDATION" value="false" />
      <method v="2">
        <option name="Android.Gradle.BeforeRunTask" enabled="true" />
      </method>
    </configuration>
    <configuration name="BookApp Updated Libs [signingReport]" type="GradleRunConfiguration" factoryName="Gradle" temporary="true">
      <ExternalSystemSettings>
        <option name="executionName" />
        <option name="externalProjectPath" value="$PROJECT_DIR$" />
        <option name="externalSystemIdString" value="GRADLE" />
        <option name="scriptParameters" />
        <option name="taskDescriptions">
          <list />
        </option>
        <option name="taskNames">
          <list>
            <option value="signingReport" />
          </list>
        </option>
        <option name="vmOptions" />
      </ExternalSystemSettings>
      <ExternalSystemDebugServerProcess>true</ExternalSystemDebugServerProcess>
      <ExternalSystemReattachDebugProcess>true</ExternalSystemReattachDebugProcess>
      <DebugAllEnabled>false</DebugAllEnabled>
      <method v="2" />
    </configuration>
    <recent_temporary>
      <list>
        <item itemvalue="Gradle.BookApp Updated Libs [signingReport]" />
      </list>
    </recent_temporary>
  </component>
  <component name="SpellCheckerSettings" RuntimeDictionaries="0" Folders="0" CustomDictionaries="0" DefaultDictionary="application-level" UseSingleDictionary="true" transferred="true" />
  <component name="TaskManager">
    <task active="true" id="Default" summary="Default task">
      <changelist id="b54b02df-e09b-430e-b4e8-ba42b2e2bbe1" name="Changes" comment="" />
      <created>1682608513453</created>
      <option name="number" value="Default" />
      <option name="presentableId" value="Default" />
      <updated>1682608513453</updated>
    </task>
    <servers />
  </component>
</project>