{
  "project_info": {
    "project_number": "1014417899075",
    "project_id": "kevinmajorproject",
    "storage_bucket": "kevinmajorproject.appspot.com"
  },
  "client": [
    {
      "client_info": {
        "mobilesdk_app_id": "1:1014417899075:android:f913d7ce578f2b83551ef6",
        "android_client_info": {
          "package_name": "com.example.KomeMajorProj"
        }
      },
      "oauth_client": [
        {
          "client_id": "1014417899075-q3m4jqg3oph3m7nf64uo7vrh9gps751v.apps.googleusercontent.com",
          "client_type": 3
        }
      ],
      "api_key": [
        {
          "current_key": "AIzaSyCjNXzEg_WOFnKybFNk-rRnaoeDn-tBeaM"
        }
      ],
      "services": {
        "appinvite_service": {
          "other_platform_oauth_client": [
            {
              "client_id": "1014417899075-q3m4jqg3oph3m7nf64uo7vrh9gps751v.apps.googleusercontent.com",
              "client_type": 3
            }
          ]
        }
      }
    },
    {
      "client_info": {
        "mobilesdk_app_id": "1:1014417899075:android:ac5f6b4dc0007a59551ef6",
        "android_client_info": {
          "package_name": "come.example.KomeMajorProj"
        }
      },
      "oauth_client": [
        {
          "client_id": "1014417899075-jh95ofjn0fbigsp58c0qj64hi0vkp1p6.apps.googleusercontent.com",
          "client_type": 1,
          "android_info": {
            "package_name": "come.example.KomeMajorProj",
            "certificate_hash": "2d80a02207af2a37d171074e0549b6da83f412d7"
          }
        },
        {
          "client_id": "1014417899075-q3m4jqg3oph3m7nf64uo7vrh9gps751v.apps.googleusercontent.com",
          "client_type": 3
        }
      ],
      "api_key": [
        {
          "current_key": "AIzaSyCjNXzEg_WOFnKybFNk-rRnaoeDn-tBeaM"
        }
      ],
      "services": {
        "appinvite_service": {
          "other_platform_oauth_client": [
            {
              "client_id": "1014417899075-q3m4jqg3oph3m7nf64uo7vrh9gps751v.apps.googleusercontent.com",
              "client_type": 3
            }
          ]
        }
      }
    }
  ],
  "configuration_version": "1"
}